classifier,train accuracy,train precision,train recall,train f1,train auc,test accuracy,test precision,test recall,test f1,test auc,null_del,encoded,scaler,sampler
LogisticReg,0.7746970977740208,0.5530073074761102,0.9955474600283344,0.711043654235328,0.8425097500079191,0.6843960269144505,0.006060606060606061,0.8571428571428571,0.012036108324974926,0.7705752821359757,0.0,0.0,None,SVMSMOTE
DecisionTree,0.9364891518737672,0.8169880319148937,0.9947379073062134,0.8971433786620425,0.9543745768958434,0.8673502082665813,0.004866180048661801,0.2857142857142857,0.009569377990430623,0.577185980365171,0.0,0.0,None,SVMSMOTE
RandomForest,0.9172161172161172,0.7729559748427673,0.9949402954867436,0.8700115034067782,0.9410815191897949,0.7827619352771548,0.002962962962962963,0.2857142857142857,0.005865102639296188,0.5347967703459032,0.0,0.0,None,SVMSMOTE
LightGBM,0.9848971541279233,0.9536012424771889,0.9941307427646225,0.9734443123265955,0.9877323504513521,0.9689202178788849,0.010869565217391304,0.14285714285714285,0.020202020202020204,0.5568171391870814,0.0,0.0,None,SVMSMOTE
SVC,0.33575655114116654,0.29527511961722486,0.999190447277879,0.45584229721619496,0.5394655766536224,0.09195770586350528,0.0024639211545230554,1.0,0.004915730337078652,0.5449582530507386,0.0,0.0,None,SVMSMOTE
LogisticReg,0.5362777257107154,0.5188216702459582,1.0,0.6831897126697436,0.5362777257107154,0.07946171099006728,0.0020847810979847115,0.8571428571428571,0.004159445407279029,0.46742820442242405,0.0,0.0,None,RandomOverSampler
DecisionTree,1.0,1.0,1.0,1.0,1.0,0.9942326177507209,0.0,0.0,0.0,0.49823378291586384,0.0,0.0,None,RandomOverSampler
RandomForest,0.9367775695095283,0.8877487346599182,1.0,0.9405369669813053,0.9367775695095283,0.8827298942646588,0.002770083102493075,0.14285714285714285,0.005434782608695652,0.5136251032204789,0.0,0.0,None,RandomOverSampler
LightGBM,0.9390815370196813,0.8913951545530493,1.0,0.9425795053003534,0.9390815370196813,0.8305030438961871,0.005681818181818182,0.42857142857142855,0.011214953271028038,0.6299889898155795,0.0,0.0,None,RandomOverSampler
SVC,0.5008981568259919,0.5004494821184288,1.0,0.6670660866394018,0.5008981568259918,0.00512656199935918,0.002249357326478149,1.0,0.004488618146841937,0.5014450867052023,0.0,0.0,None,RandomOverSampler
LogisticReg,0.9889546351084813,0.9678564385722737,0.9933211900425015,0.9804234918098281,0.9902953966457432,0.9814162127523229,0.0,0.0,0.0,0.4918111753371869,0.0,0.0,MM,SVMSMOTE
DecisionTree,0.9364891518737672,0.8169880319148937,0.9947379073062134,0.8971433786620425,0.9543745768958434,0.8673502082665813,0.004866180048661801,0.2857142857142857,0.009569377990430623,0.577185980365171,0.0,0.0,MM,SVMSMOTE
RandomForest,0.9172161172161172,0.7729559748427673,0.9949402954867436,0.8700115034067782,0.9410815191897949,0.7827619352771548,0.002962962962962963,0.2857142857142857,0.005865102639296188,0.5347967703459032,0.0,0.0,MM,SVMSMOTE
LightGBM,0.9848971541279233,0.9536012424771889,0.9941307427646225,0.9734443123265955,0.9877323504513521,0.9689202178788849,0.010869565217391304,0.14285714285714285,0.020202020202020204,0.5568171391870814,0.0,0.0,MM,SVMSMOTE
SVC,0.9966751197520428,0.9923356192012909,0.9957498482088646,0.994039802000202,0.9963910128267065,0.9935917975008011,0.0,0.0,0.0,0.49791265253693,0.0,0.0,MM,SVMSMOTE
LogisticReg,0.6765854420493596,0.6918703326544468,0.636754139331459,0.6631690255409143,0.6765854420493597,0.6014098045498237,0.0016116035455278,0.2857142857142857,0.003205128205128205,0.44391687310762457,0.0,0.0,MM,RandomOverSampler
DecisionTree,1.0,1.0,1.0,1.0,1.0,0.9942326177507209,0.0,0.0,0.0,0.49823378291586384,0.0,0.0,MM,RandomOverSampler
RandomForest,0.9367775695095283,0.8877487346599182,1.0,0.9405369669813053,0.9367775695095283,0.8827298942646588,0.002770083102493075,0.14285714285714285,0.005434782608695652,0.5136251032204789,0.0,0.0,MM,RandomOverSampler
LightGBM,0.9390815370196813,0.8913951545530493,1.0,0.9425795053003534,0.9390815370196813,0.8305030438961871,0.005681818181818182,0.42857142857142855,0.011214953271028038,0.6299889898155795,0.0,0.0,MM,RandomOverSampler
SVC,0.9872305529522024,0.9750970984692712,1.0,0.9873915558126084,0.9872305529522024,0.9641140660044858,0.0,0.0,0.0,0.48314065510597304,0.0,0.0,MM,RandomOverSampler
LogisticReg,0.9914342068188222,0.9763278297195146,0.9933211900425015,0.9847512038523275,0.9920136097041624,0.9859019545017622,0.0,0.0,0.0,0.4940590879897238,0.0,0.0,SD,SVMSMOTE
DecisionTree,0.9364891518737672,0.8169880319148937,0.9947379073062134,0.8971433786620425,0.9543745768958434,0.8673502082665813,0.004866180048661801,0.2857142857142857,0.009569377990430623,0.577185980365171,0.0,0.0,SD,SVMSMOTE
RandomForest,0.9172161172161172,0.7729559748427673,0.9949402954867436,0.8700115034067782,0.9410815191897949,0.7827619352771548,0.002962962962962963,0.2857142857142857,0.005865102639296188,0.5347967703459032,0.0,0.0,SD,SVMSMOTE
LightGBM,0.980276134122288,0.9386585132811007,0.9941307427646225,0.9655985846274818,0.9845302261152072,0.9605895546299263,0.00847457627118644,0.14285714285714285,0.015999999999999997,0.5526424442609413,0.0,0.0,SD,SVMSMOTE
SVC,0.9976331360946745,0.9945487583282859,0.9969641772920461,0.9957550030321407,0.9974277306329021,0.9919897468760013,0.0,0.0,0.0,0.49710982658959535,0.0,0.0,SD,SVMSMOTE
LogisticReg,0.6911902530459232,0.7011503697617091,0.6664323648859731,0.6833506847121006,0.6911902530459232,0.6036526754245434,0.0016207455429497568,0.2857142857142857,0.0032232070910556,0.44504082943389295,0.0,0.0,SD,RandomOverSampler
DecisionTree,1.0,1.0,1.0,1.0,1.0,0.9942326177507209,0.0,0.0,0.0,0.49823378291586384,0.0,0.0,SD,RandomOverSampler
RandomForest,0.9367775695095283,0.8877487346599182,1.0,0.9405369669813053,0.9367775695095283,0.8827298942646588,0.002770083102493075,0.14285714285714285,0.005434782608695652,0.5136251032204789,0.0,0.0,SD,RandomOverSampler
LightGBM,0.9390424867228991,0.8913331012878524,1.0,0.9425448121020281,0.939042486722899,0.8305030438961871,0.005681818181818182,0.42857142857142855,0.011214953271028038,0.6299889898155795,0.0,0.0,SD,RandomOverSampler
SVC,0.9952749140893471,0.9906382978723405,1.0,0.9952971355280035,0.9952749140893471,0.9810958026273631,0.0,0.0,0.0,0.49165061014772,0.0,0.0,SD,RandomOverSampler
LogisticReg,0.9910960834037758,0.9751639181402741,0.9933211900425015,0.9841588129135753,0.9917793079234688,0.9859019545017622,0.0,0.0,0.0,0.4940590879897238,0.0,0.0,RB,SVMSMOTE
DecisionTree,0.9364891518737672,0.8169880319148937,0.9947379073062134,0.8971433786620425,0.9543745768958434,0.8673502082665813,0.004866180048661801,0.2857142857142857,0.009569377990430623,0.577185980365171,0.0,0.0,RB,SVMSMOTE
RandomForest,0.9172161172161172,0.7729559748427673,0.9949402954867436,0.8700115034067782,0.9410815191897949,0.7827619352771548,0.002962962962962963,0.2857142857142857,0.005865102639296188,0.5347967703459032,0.0,0.0,RB,SVMSMOTE
LightGBM,0.980276134122288,0.9386585132811007,0.9941307427646225,0.9655985846274818,0.9845302261152072,0.9605895546299263,0.00847457627118644,0.14285714285714285,0.015999999999999997,0.5526424442609413,0.0,0.0,RB,SVMSMOTE
SVC,0.4011834319526627,0.31733179101600156,0.9993928354584092,0.4817091015510682,0.584865115011304,0.18039090035245114,0.0023410066328521262,0.8571428571428571,0.004669260700389105,0.518006239104505,0.0,0.0,RB,SVMSMOTE
LogisticReg,0.6913464542330522,0.7013808975834293,0.6664323648859731,0.6834601521826191,0.6913464542330522,0.6036526754245434,0.0016207455429497568,0.2857142857142857,0.0032232070910556,0.44504082943389295,0.0,0.0,RB,RandomOverSampler
DecisionTree,1.0,1.0,1.0,1.0,1.0,0.9942326177507209,0.0,0.0,0.0,0.49823378291586384,0.0,0.0,RB,RandomOverSampler
RandomForest,0.9367775695095283,0.8877487346599182,1.0,0.9405369669813053,0.9367775695095283,0.8827298942646588,0.002770083102493075,0.14285714285714285,0.005434782608695652,0.5136251032204789,0.0,0.0,RB,RandomOverSampler
LightGBM,0.9390815370196813,0.8913951545530493,1.0,0.9425795053003534,0.9390815370196813,0.8301826337712271,0.005671077504725898,0.42857142857142855,0.01119402985074627,0.6298284246261125,0.0,0.0,RB,RandomOverSampler
SVC,0.5674008122461731,0.5361360020098819,1.0,0.6980319467916916,0.5674008122461731,0.13745594360781802,0.002224694104560623,0.8571428571428571,0.004437869822485207,0.4964905037159373,0.0,0.0,RB,RandomOverSampler
LogisticReg,0.938123415046492,0.8943156166632464,0.8820076907508602,0.8881190136539636,0.9208929425325685,0.9599487343800064,0.0,0.0,0.0,0.481053307642903,1.0,0.0,None,SVMSMOTE
DecisionTree,0.873541842772612,0.6891569645111516,0.9943331309451529,0.8140845070422535,0.9106311078030982,0.8305030438961871,0.0019083969465648854,0.14285714285714285,0.0037664783427495286,0.48745297733737036,1.0,0.0,None,SVMSMOTE
RandomForest,0.9876584953508031,0.9633045525902669,0.9935235782230317,0.9781807312942113,0.9894593836132343,0.9775712912528036,0.0,0.0,0.0,0.48988439306358383,1.0,0.0,None,SVMSMOTE
LightGBM,0.9487743026204565,0.8484272381610785,0.9935235782230317,0.9152605574718001,0.9625146788334779,0.9179750080102531,0.00398406374501992,0.14285714285714285,0.007751937984496123,0.5312872740618405,1.0,0.0,None,SVMSMOTE
SVC,0.8562411947027332,0.6606614681365959,0.994535519125683,0.793925195896276,0.8987048104844284,0.8026273630246715,0.0032626427406199023,0.2857142857142857,0.006451612903225807,0.5447518120928525,1.0,0.0,None,SVMSMOTE
LogisticReg,0.6101999375195252,0.5987541993281075,0.6681505779443924,0.631551749593976,0.6101999375195252,0.5450176225568728,0.0021141649048625794,0.42857142857142855,0.004207573632538569,0.48692540600055056,1.0,0.0,None,RandomOverSampler
DecisionTree,0.9998828491096532,0.9997657531037714,1.0,0.9998828628323767,0.9998828491096533,0.9939122076257609,0.0,0.0,0.0,0.4980732177263969,1.0,0.0,None,RandomOverSampler
RandomForest,0.6766244923461419,0.6072563433720655,1.0,0.7556434241199209,0.6766244923461417,0.32585709708426785,0.0019002375296912114,0.5714285714285714,0.003787878787878788,0.4483668226442793,1.0,0.0,None,RandomOverSampler
LightGBM,0.6660418619181506,0.5995504776175313,1.0,0.7496487119437939,0.6660418619181505,0.3530919577058635,0.0019801980198019802,0.5714285714285714,0.003946719289590528,0.4620148637489677,1.0,0.0,None,RandomOverSampler
SVC,0.5,0.5,1.0,0.6666666666666666,0.5,0.002242870874719641,0.002242870874719641,1.0,0.004475703324808183,0.5,1.0,0.0,None,RandomOverSampler
LogisticReg,0.935869258946182,0.8870343985345003,0.8820076907508602,0.88451390298356,0.9193309306612784,0.9548221723806473,0.0,0.0,0.0,0.47848426461143223,1.0,0.0,MM,SVMSMOTE
DecisionTree,0.873541842772612,0.6891569645111516,0.9943331309451529,0.8140845070422535,0.9106311078030982,0.8305030438961871,0.0019083969465648854,0.14285714285714285,0.0037664783427495286,0.48745297733737036,1.0,0.0,MM,SVMSMOTE
RandomForest,0.9876584953508031,0.9633045525902669,0.9935235782230317,0.9781807312942113,0.9894593836132343,0.9775712912528036,0.0,0.0,0.0,0.48988439306358383,1.0,0.0,MM,SVMSMOTE
LightGBM,0.9487743026204565,0.8484272381610785,0.9935235782230317,0.9152605574718001,0.9625146788334779,0.9179750080102531,0.00398406374501992,0.14285714285714285,0.007751937984496123,0.5312872740618405,1.0,0.0,MM,SVMSMOTE
SVC,0.9909270216962525,0.9734548335974643,0.994535519125683,0.9838822704975473,0.9920350197940192,0.987183595001602,0.0,0.0,0.0,0.49470134874759153,1.0,0.0,MM,SVMSMOTE
LogisticReg,0.6100046860356139,0.5985447421814875,0.6681505779443924,0.6314352142303575,0.6100046860356139,0.5450176225568728,0.0021141649048625794,0.42857142857142855,0.004207573632538569,0.48692540600055056,1.0,0.0,MM,RandomOverSampler
DecisionTree,0.9998828491096532,0.9997657531037714,1.0,0.9998828628323767,0.9998828491096533,0.9939122076257609,0.0,0.0,0.0,0.4980732177263969,1.0,0.0,MM,RandomOverSampler
RandomForest,0.6766244923461419,0.6072563433720655,1.0,0.7556434241199209,0.6766244923461417,0.32585709708426785,0.0019002375296912114,0.5714285714285714,0.003787878787878788,0.4483668226442793,1.0,0.0,MM,RandomOverSampler
LightGBM,0.6660418619181506,0.5995504776175313,1.0,0.7496487119437939,0.6660418619181505,0.3530919577058635,0.0019801980198019802,0.5714285714285714,0.003946719289590528,0.4620148637489677,1.0,0.0,MM,RandomOverSampler
SVC,0.979967197750703,0.9614778103176391,1.0,0.9803606293786609,0.9799671977507028,0.9554629926305671,0.0,0.0,0.0,0.4788053949903661,1.0,0.0,MM,RandomOverSampler
LogisticReg,0.9377852916314455,0.8932158229145317,0.8820076907508602,0.8875763747454175,0.920658640751875,0.9596283242550464,0.0,0.0,0.0,0.4808927424534361,1.0,0.0,SD,SVMSMOTE
DecisionTree,0.873541842772612,0.6891569645111516,0.9943331309451529,0.8140845070422535,0.9106311078030982,0.8305030438961871,0.0019083969465648854,0.14285714285714285,0.0037664783427495286,0.48745297733737036,1.0,0.0,SD,SVMSMOTE
RandomForest,0.9876584953508031,0.9633045525902669,0.9935235782230317,0.9781807312942113,0.9894593836132343,0.9775712912528036,0.0,0.0,0.0,0.48988439306358383,1.0,0.0,SD,SVMSMOTE
LightGBM,0.9487743026204565,0.8484272381610785,0.9935235782230317,0.9152605574718001,0.9625146788334779,0.9179750080102531,0.00398406374501992,0.14285714285714285,0.007751937984496123,0.5312872740618405,1.0,0.0,SD,SVMSMOTE
SVC,0.9876021414482953,0.9605853658536585,0.9963570127504554,0.9781442479634412,0.9902903464252121,0.9759692406280038,0.0,0.0,0.0,0.48908156711624917,1.0,0.0,SD,SVMSMOTE
LogisticReg,0.6100046860356139,0.5985447421814875,0.6681505779443924,0.6314352142303575,0.6100046860356139,0.5443768023069528,0.00211118930330753,0.42857142857142855,0.004201680672268908,0.4866042756216167,1.0,0.0,SD,RandomOverSampler
DecisionTree,0.9998828491096532,0.9997657531037714,1.0,0.9998828628323767,0.9998828491096533,0.9939122076257609,0.0,0.0,0.0,0.4980732177263969,1.0,0.0,SD,RandomOverSampler
RandomForest,0.6766244923461419,0.6072563433720655,1.0,0.7556434241199209,0.6766244923461417,0.32585709708426785,0.0019002375296912114,0.5714285714285714,0.003787878787878788,0.4483668226442793,1.0,0.0,SD,RandomOverSampler
LightGBM,0.6660418619181506,0.5995504776175313,1.0,0.7496487119437939,0.6660418619181505,0.3530919577058635,0.0019801980198019802,0.5714285714285714,0.003946719289590528,0.4620148637489677,1.0,0.0,SD,RandomOverSampler
SVC,0.9895345204623555,0.9794981640146879,1.0,0.9896429123512135,0.9895345204623556,0.9669977571291253,0.0,0.0,0.0,0.48458574181117536,1.0,0.0,SD,RandomOverSampler
LogisticReg,0.9380107072414765,0.893948717948718,0.8820076907508602,0.8879380603096986,0.9208148419390041,0.9599487343800064,0.0,0.0,0.0,0.481053307642903,1.0,0.0,RB,SVMSMOTE
DecisionTree,0.873541842772612,0.6891569645111516,0.9943331309451529,0.8140845070422535,0.9106311078030982,0.8305030438961871,0.0019083969465648854,0.14285714285714285,0.0037664783427495286,0.48745297733737036,1.0,0.0,RB,SVMSMOTE
RandomForest,0.9876584953508031,0.9633045525902669,0.9935235782230317,0.9781807312942113,0.9894593836132343,0.9775712912528036,0.0,0.0,0.0,0.48988439306358383,1.0,0.0,RB,SVMSMOTE
LightGBM,0.9487743026204565,0.8484272381610785,0.9935235782230317,0.9152605574718001,0.9625146788334779,0.9179750080102531,0.00398406374501992,0.14285714285714285,0.007751937984496123,0.5312872740618405,1.0,0.0,RB,SVMSMOTE
SVC,0.3673710904480135,0.3055985153108568,0.9997976118194697,0.4681133327016015,0.5615592245289164,0.12463953860942006,0.0021921812203142127,0.8571428571428571,0.004373177842565598,0.49006789613726026,1.0,0.0,RB,SVMSMOTE
LogisticReg,0.6101218369259607,0.5986703988803359,0.6681505779443924,0.6315051302871484,0.6101218369259607,0.5446972124319128,0.002112676056338028,0.42857142857142855,0.0042046250875963555,0.4867648408110836,1.0,0.0,RB,RandomOverSampler
DecisionTree,0.9998828491096532,0.9997657531037714,1.0,0.9998828628323767,0.9998828491096533,0.9939122076257609,0.0,0.0,0.0,0.4980732177263969,1.0,0.0,RB,RandomOverSampler
RandomForest,0.6766244923461419,0.6072563433720655,1.0,0.7556434241199209,0.6766244923461417,0.32585709708426785,0.0019002375296912114,0.5714285714285714,0.003787878787878788,0.4483668226442793,1.0,0.0,RB,RandomOverSampler
LightGBM,0.6660418619181506,0.5995504776175313,1.0,0.7496487119437939,0.6660418619181505,0.3530919577058635,0.0019801980198019802,0.5714285714285714,0.003946719289590528,0.4620148637489677,1.0,0.0,RB,RandomOverSampler
SVC,0.5616994689159638,0.5328783086399201,1.0,0.6952649869678541,0.5616994689159638,0.12399871835950016,0.002190580503833516,0.8571428571428571,0.004369992716678805,0.48974676575832643,1.0,0.0,RB,RandomOverSampler
LogisticReg,0.8211327134404057,0.609465989344567,0.9955474600283344,0.7560713187826621,0.8746871945564977,0.7552066645305991,0.00651890482398957,0.7142857142857143,0.012919896640826874,0.7347921827690614,0.0,1.0,None,SVMSMOTE
DecisionTree,0.9173851789236405,0.7733207487808714,0.9949402954867436,0.8702425208001415,0.9411986700801416,0.7824415251521948,0.0029585798816568047,0.2857142857142857,0.005856515373352854,0.5346362051564363,0.0,1.0,None,SVMSMOTE
RandomForest,0.8117216117216117,0.5970638194612958,0.9959522363893949,0.7465675491162861,0.8682900825808268,0.7484780519064402,0.0025575447570332483,0.2857142857142857,0.005069708491761724,0.5176162950729424,0.0,1.0,None,SVMSMOTE
LightGBM,0.9861369399830938,0.9580487804878048,0.993725966403562,0.9755612954500298,0.9884671693935961,0.9711630887536046,0.0,0.0,0.0,0.48667308927424535,0.0,1.0,None,SVMSMOTE
SVC,0.3358129050436743,0.2952927806687003,0.999190447277879,0.4558633425669437,0.5395046269504046,0.09227811598846523,0.0024647887323943664,1.0,0.0049174569722514935,0.5451188182402056,0.0,1.0,None,SVMSMOTE
LogisticReg,0.5291705716963448,0.5150235308314227,1.0,0.6798884906411788,0.5291705716963448,0.049983979493752,0.0023553162853297443,1.0,0.004699563611950319,0.5239242132305716,0.0,1.0,None,RandomOverSampler
DecisionTree,1.0,1.0,1.0,1.0,1.0,0.9958346683755207,0.0,0.0,0.0,0.49903660886319845,0.0,1.0,None,RandomOverSampler
RandomForest,0.9906669790690409,0.9816759947864755,1.0,0.9907532789105119,0.990666979069041,0.9641140660044858,0.0,0.0,0.0,0.48314065510597304,0.0,1.0,None,RandomOverSampler
LightGBM,0.904482974070603,0.8396065573770491,1.0,0.9128110073429813,0.904482974070603,0.6959307914130086,0.0021141649048625794,0.2857142857142857,0.004197271773347324,0.49128360400036697,0.0,1.0,None,RandomOverSampler
SVC,0.5008981568259919,0.5004494821184288,1.0,0.6670660866394018,0.5008981568259918,0.004165331624479333,0.0022471910112359553,1.0,0.004484304932735426,0.5009633911368016,0.0,1.0,None,RandomOverSampler
LogisticReg,0.9980839673147366,1.0,0.9931188018619712,0.9965475223395613,0.9965594009309856,0.9977571291252804,0.0,0.0,0.0,0.5,0.0,1.0,MM,SVMSMOTE
DecisionTree,0.9173851789236405,0.7733207487808714,0.9949402954867436,0.8702425208001415,0.9411986700801416,0.7824415251521948,0.0029585798816568047,0.2857142857142857,0.005856515373352854,0.5346362051564363,0.0,1.0,MM,SVMSMOTE
RandomForest,0.8117216117216117,0.5970638194612958,0.9959522363893949,0.7465675491162861,0.8682900825808268,0.7484780519064402,0.0025575447570332483,0.2857142857142857,0.005069708491761724,0.5176162950729424,0.0,1.0,MM,SVMSMOTE
LightGBM,0.9861369399830938,0.9580487804878048,0.993725966403562,0.9755612954500298,0.9884671693935961,0.9711630887536046,0.0,0.0,0.0,0.48667308927424535,0.0,1.0,MM,SVMSMOTE
SVC,0.999549168779938,0.9985850010107136,0.9997976118194697,0.9991909385113268,0.999625453832259,0.9964754886254406,0.0,0.0,0.0,0.4993577392421323,0.0,1.0,MM,SVMSMOTE
LogisticReg,0.8708997188378632,0.8268410185822437,0.9383005310840362,0.8790517304455989,0.8708997188378631,0.6975328420378084,0.003181336161187699,0.42857142857142855,0.00631578947368421,0.5633544361868061,0.0,1.0,MM,RandomOverSampler
DecisionTree,1.0,1.0,1.0,1.0,1.0,0.9958346683755207,0.0,0.0,0.0,0.49903660886319845,0.0,1.0,MM,RandomOverSampler
RandomForest,0.9906669790690409,0.9816759947864755,1.0,0.9907532789105119,0.990666979069041,0.9641140660044858,0.0,0.0,0.0,0.48314065510597304,0.0,1.0,MM,RandomOverSampler
LightGBM,0.904482974070603,0.8396065573770491,1.0,0.9128110073429813,0.904482974070603,0.6959307914130086,0.0021141649048625794,0.2857142857142857,0.004197271773347324,0.49128360400036697,0.0,1.0,MM,RandomOverSampler
SVC,0.9995704467353952,0.9991416309012876,1.0,0.9995706311721769,0.9995704467353952,0.9958346683755207,0.0,0.0,0.0,0.49903660886319845,0.0,1.0,MM,RandomOverSampler
LogisticReg,0.9980839673147366,1.0,0.9931188018619712,0.9965475223395613,0.9965594009309856,0.9977571291252804,0.0,0.0,0.0,0.5,0.0,1.0,SD,SVMSMOTE
DecisionTree,0.9173851789236405,0.7733207487808714,0.9949402954867436,0.8702425208001415,0.9411986700801416,0.7824415251521948,0.0029585798816568047,0.2857142857142857,0.005856515373352854,0.5346362051564363,0.0,1.0,SD,SVMSMOTE
RandomForest,0.8117216117216117,0.5970638194612958,0.9959522363893949,0.7465675491162861,0.8682900825808268,0.7484780519064402,0.0025575447570332483,0.2857142857142857,0.005069708491761724,0.5176162950729424,0.0,1.0,SD,SVMSMOTE
LightGBM,0.9861369399830938,0.9580487804878048,0.993725966403562,0.9755612954500298,0.9884671693935961,0.9714834988785646,0.0,0.0,0.0,0.4868336544637123,0.0,1.0,SD,SVMSMOTE
SVC,0.9997182304874612,0.9995951417004049,0.9993928354584092,0.999493978342273,0.9996183171356401,0.9958346683755207,0.0,0.0,0.0,0.49903660886319845,0.0,1.0,SD,SVMSMOTE
LogisticReg,0.8729693845673228,0.8298680665883815,0.9383005310840362,0.8807595029507715,0.8729693845673228,0.7109900672861262,0.003329633740288568,0.42857142857142855,0.006607929515418502,0.5700981741444169,0.0,1.0,SD,RandomOverSampler
DecisionTree,1.0,1.0,1.0,1.0,1.0,0.9958346683755207,0.0,0.0,0.0,0.49903660886319845,0.0,1.0,SD,RandomOverSampler
RandomForest,0.9906669790690409,0.9816759947864755,1.0,0.9907532789105119,0.990666979069041,0.9641140660044858,0.0,0.0,0.0,0.48314065510597304,0.0,1.0,SD,RandomOverSampler
LightGBM,0.904482974070603,0.8396065573770491,1.0,0.9128110073429813,0.904482974070603,0.6959307914130086,0.0021141649048625794,0.2857142857142857,0.004197271773347324,0.49128360400036697,0.0,1.0,SD,RandomOverSampler
SVC,0.9998047485160887,0.9996096494652198,1.0,0.9998047866317885,0.9998047485160888,0.9961550785004806,0.0,0.0,0.0,0.4991971740526654,0.0,1.0,SD,RandomOverSampler
LogisticReg,0.9980839673147366,1.0,0.9931188018619712,0.9965475223395613,0.9965594009309856,0.9977571291252804,0.0,0.0,0.0,0.5,0.0,1.0,RB,SVMSMOTE
DecisionTree,0.9173851789236405,0.7733207487808714,0.9949402954867436,0.8702425208001415,0.9411986700801416,0.7824415251521948,0.0029585798816568047,0.2857142857142857,0.005856515373352854,0.5346362051564363,0.0,1.0,RB,SVMSMOTE
RandomForest,0.8117216117216117,0.5970638194612958,0.9959522363893949,0.7465675491162861,0.8682900825808268,0.7484780519064402,0.0025575447570332483,0.2857142857142857,0.005069708491761724,0.5176162950729424,0.0,1.0,RB,SVMSMOTE
LightGBM,0.9863623555931248,0.958797109939465,0.993725966403562,0.9759491154839992,0.9886233705807251,0.9721243191284845,0.0,0.0,0.0,0.4871547848426461,0.0,1.0,RB,SVMSMOTE
SVC,0.3989856297548605,0.3165619792334316,0.9995952236389395,0.4808450567103149,0.5834042972302789,0.17718679910285165,0.002331908278274388,0.8571428571428571,0.004651162790697675,0.5164005872098357,0.0,1.0,RB,SVMSMOTE
LogisticReg,0.8709387691346454,0.8268979282813683,0.9383005310840362,0.8790838912669666,0.8709387691346454,0.7058635052867671,0.003271537622682661,0.42857142857142855,0.006493506493506493,0.5675291311129461,0.0,1.0,RB,RandomOverSampler
DecisionTree,1.0,1.0,1.0,1.0,1.0,0.9958346683755207,0.0,0.0,0.0,0.49903660886319845,0.0,1.0,RB,RandomOverSampler
RandomForest,0.9906669790690409,0.9816759947864755,1.0,0.9907532789105119,0.990666979069041,0.9641140660044858,0.0,0.0,0.0,0.48314065510597304,0.0,1.0,RB,RandomOverSampler
LightGBM,0.904482974070603,0.8396065573770491,1.0,0.9128110073429813,0.904482974070603,0.6959307914130086,0.0021141649048625794,0.2857142857142857,0.004197271773347324,0.49128360400036697,0.0,1.0,RB,RandomOverSampler
SVC,0.5683380193689472,0.5366753290300947,1.0,0.698488898587093,0.5683380193689471,0.1393784043575777,0.002229654403567447,0.8571428571428571,0.004447739065974796,0.4974538948527388,0.0,1.0,RB,RandomOverSampler
LogisticReg,0.809636517328825,0.5944410876132931,0.9955474600283344,0.7444007263922519,0.8667209340129175,0.7241268824094841,0.005787037037037037,0.7142857142857143,0.01148105625717566,0.7192173593907698,1.0,1.0,None,SVMSMOTE
DecisionTree,0.917272471118625,0.773077527913194,0.9949402954867436,0.8700884955752213,0.9411205694865771,0.7827619352771548,0.002962962962962963,0.2857142857142857,0.005865102639296188,0.5347967703459032,1.0,1.0,None,SVMSMOTE
RandomForest,0.8042265426880811,0.5877077603730718,0.9947379073062134,0.7388755261575466,0.8627235303478895,0.7465555911566806,0.001272264631043257,0.14285714285714285,0.0025220680958385876,0.4453848976970364,1.0,1.0,None,SVMSMOTE
LightGBM,0.9863060016906171,0.958609918000781,0.993725966403562,0.9758521315711021,0.9885843202839428,0.9721243191284845,0.0,0.0,0.0,0.4871547848426461,1.0,1.0,None,SVMSMOTE
SVC,0.3359819667511975,0.2953457765015554,0.999190447277879,0.4559264902802789,0.5396217778407515,0.09259852611342519,0.0024656569214512153,1.0,0.004919184820801125,0.5452793834296725,1.0,1.0,None,SVMSMOTE
LogisticReg,0.5213214620431116,0.5108929853962174,1.0,0.6762795119632388,0.5213214620431115,0.018583787247677026,0.002280130293159609,1.0,0.004549886252843679,0.5081888246628131,1.0,1.0,None,RandomOverSampler
DecisionTree,1.0,1.0,1.0,1.0,1.0,0.9935917975008011,0.0,0.0,0.0,0.49791265253693,1.0,1.0,None,RandomOverSampler
RandomForest,0.9813339581380819,0.9640114440596296,1.0,0.9816759947864755,0.9813339581380818,0.9323934636334508,0.0,0.0,0.0,0.46724470134874757,1.0,1.0,None,RandomOverSampler
LightGBM,0.9101062168072477,0.847610221104197,1.0,0.9175206019347903,0.9101062168072478,0.7074655559115668,0.003289473684210526,0.42857142857142855,0.006528835690968444,0.5683319570602808,1.0,1.0,None,RandomOverSampler
SVC,0.5007810059356451,0.5003908081913397,1.0,0.6670139612419255,0.5007810059356451,0.004165331624479333,0.0022471910112359553,1.0,0.004484304932735426,0.5009633911368016,1.0,1.0,None,RandomOverSampler
LogisticReg,0.9980839673147366,1.0,0.9931188018619712,0.9965475223395613,0.9965594009309856,0.9977571291252804,0.0,0.0,0.0,0.5,1.0,1.0,MM,SVMSMOTE
DecisionTree,0.917272471118625,0.773077527913194,0.9949402954867436,0.8700884955752213,0.9411205694865771,0.7827619352771548,0.002962962962962963,0.2857142857142857,0.005865102639296188,0.5347967703459032,1.0,1.0,MM,SVMSMOTE
RandomForest,0.8042265426880811,0.5877077603730718,0.9947379073062134,0.7388755261575466,0.8627235303478895,0.7465555911566806,0.001272264631043257,0.14285714285714285,0.0025220680958385876,0.4453848976970364,1.0,1.0,MM,SVMSMOTE
LightGBM,0.9863060016906171,0.958609918000781,0.993725966403562,0.9758521315711021,0.9885843202839428,0.9721243191284845,0.0,0.0,0.0,0.4871547848426461,1.0,1.0,MM,SVMSMOTE
SVC,0.9996618765849535,0.9987871437234688,1.0,0.9993932038834952,0.9997656982193064,0.9951938481256007,0.0,0.0,0.0,0.4987154784842646,1.0,1.0,MM,SVMSMOTE
LogisticReg,0.8622696032489847,0.8144532574062775,0.9383005310840362,0.8720014516421702,0.8622696032489846,0.6731816725408523,0.0039177277179236044,0.5714285714285714,0.007782101167315174,0.6224194880264244,1.0,1.0,MM,RandomOverSampler
DecisionTree,1.0,1.0,1.0,1.0,1.0,0.9935917975008011,0.0,0.0,0.0,0.49791265253693,1.0,1.0,MM,RandomOverSampler
RandomForest,0.9813339581380819,0.9640114440596296,1.0,0.9816759947864755,0.9813339581380818,0.9323934636334508,0.0,0.0,0.0,0.46724470134874757,1.0,1.0,MM,RandomOverSampler
LightGBM,0.9101062168072477,0.847610221104197,1.0,0.9175206019347903,0.9101062168072478,0.7074655559115668,0.003289473684210526,0.42857142857142855,0.006528835690968444,0.5683319570602808,1.0,1.0,MM,RandomOverSampler
SVC,0.9994923461418307,0.9989857220878521,1.0,0.9994926037235081,0.9994923461418307,0.9948734380006409,0.0,0.0,0.0,0.4985549132947977,1.0,1.0,MM,RandomOverSampler
LogisticReg,0.9980839673147366,1.0,0.9931188018619712,0.9965475223395613,0.9965594009309856,0.9977571291252804,0.0,0.0,0.0,0.5,1.0,1.0,SD,SVMSMOTE
DecisionTree,0.917272471118625,0.773077527913194,0.9949402954867436,0.8700884955752213,0.9411205694865771,0.7827619352771548,0.002962962962962963,0.2857142857142857,0.005865102639296188,0.5347967703459032,1.0,1.0,SD,SVMSMOTE
RandomForest,0.8042265426880811,0.5877077603730718,0.9947379073062134,0.7388755261575466,0.8627235303478895,0.7465555911566806,0.001272264631043257,0.14285714285714285,0.0025220680958385876,0.4453848976970364,1.0,1.0,SD,SVMSMOTE
LightGBM,0.9862496477881093,0.9584227991411283,0.993725966403562,0.9757551669316376,0.9885452699871605,0.9721243191284845,0.0,0.0,0.0,0.4871547848426461,1.0,1.0,SD,SVMSMOTE
SVC,0.9997182304874612,0.9991909385113269,0.9997976118194697,0.9994941831057157,0.999742604722606,0.9958346683755207,0.0,0.0,0.0,0.49903660886319845,1.0,1.0,SD,SVMSMOTE
LogisticReg,0.8502030615432677,0.813259745703507,0.9091690096844736,0.858544140423335,0.8502030615432676,0.68727971803909,0.0040941658137154556,0.5714285714285714,0.008130081300813007,0.6294843563629691,1.0,1.0,SD,RandomOverSampler
DecisionTree,1.0,1.0,1.0,1.0,1.0,0.9935917975008011,0.0,0.0,0.0,0.49791265253693,1.0,1.0,SD,RandomOverSampler
RandomForest,0.9813339581380819,0.9640114440596296,1.0,0.9816759947864755,0.9813339581380818,0.9323934636334508,0.0,0.0,0.0,0.46724470134874757,1.0,1.0,SD,RandomOverSampler
LightGBM,0.9101062168072477,0.847610221104197,1.0,0.9175206019347903,0.9101062168072478,0.7074655559115668,0.003289473684210526,0.42857142857142855,0.006528835690968444,0.5683319570602808,1.0,1.0,SD,RandomOverSampler
SVC,0.9998047485160887,0.9996096494652198,1.0,0.9998047866317885,0.9998047485160888,0.9955142582505607,0.0,0.0,0.0,0.49887604367373156,1.0,1.0,SD,RandomOverSampler
LogisticReg,0.9980276134122288,0.9997962510187449,0.9931188018619712,0.9964463397299217,0.9965203506342034,0.9977571291252804,0.0,0.0,0.0,0.5,1.0,1.0,RB,SVMSMOTE
DecisionTree,0.917272471118625,0.773077527913194,0.9949402954867436,0.8700884955752213,0.9411205694865771,0.7827619352771548,0.002962962962962963,0.2857142857142857,0.005865102639296188,0.5347967703459032,1.0,1.0,RB,SVMSMOTE
RandomForest,0.8042265426880811,0.5877077603730718,0.9947379073062134,0.7388755261575466,0.8627235303478895,0.7465555911566806,0.001272264631043257,0.14285714285714285,0.0025220680958385876,0.4453848976970364,1.0,1.0,RB,SVMSMOTE
LightGBM,0.989461820231051,0.9692064745361232,0.993725966403562,0.9813130808434096,0.9907711369037492,0.9775712912528036,0.0,0.0,0.0,0.48988439306358383,1.0,1.0,RB,SVMSMOTE
SVC,0.401352493660186,0.31739298110296954,0.9993928354584092,0.4817795990048295,0.5849822659016507,0.18103172060237102,0.0023428348301444747,0.8571428571428571,0.004672897196261681,0.5183273694834388,1.0,1.0,RB,SVMSMOTE
LogisticReg,0.8495001562011871,0.8122383477532794,0.9091690096844736,0.8579746462264151,0.8495001562011871,0.6843960269144505,0.004056795131845842,0.5714285714285714,0.008056394763343402,0.6280392696577668,1.0,1.0,RB,RandomOverSampler
DecisionTree,1.0,1.0,1.0,1.0,1.0,0.9935917975008011,0.0,0.0,0.0,0.49791265253693,1.0,1.0,RB,RandomOverSampler
RandomForest,0.9813339581380819,0.9640114440596296,1.0,0.9816759947864755,0.9813339581380818,0.9323934636334508,0.0,0.0,0.0,0.46724470134874757,1.0,1.0,RB,RandomOverSampler
LightGBM,0.9560684161199625,0.9192332543614042,1.0,0.9579171810122321,0.9560684161199625,0.843960269144505,0.004132231404958678,0.2857142857142857,0.00814663951120163,0.5654647215340857,1.0,1.0,RB,RandomOverSampler
SVC,0.5683770696657294,0.5366978245378715,1.0,0.6985079512288263,0.5683770696657295,0.1387375841076578,0.0022279985146676567,0.8571428571428571,0.0044444444444444444,0.4971327644738049,1.0,1.0,RB,RandomOverSampler
