classifier,train accuracy,train precision,train recall,train f1,train auc,test accuracy,test precision,test recall,test f1,test auc,null_del,encoded,scaler,sampler,class_weight
LogisticReg,0.3641025641025641,0.3044094973789701,0.9989880590973487,0.46662885233503504,0.559045732141614,0.13200897148349888,0.002577319587628866,1.0,0.005141388174807198,0.565028901734104,0,0,None,SVMSMOTE,"{0: 0.005, 1: 1}"
DecisionTree,0.8882502113271344,0.7145343777197564,0.9969641772920461,0.832446134347275,0.9216311045785441,0.793976289650753,0.004672897196261682,0.42857142857142855,0.009244992295839752,0.6116845582163501,0,0,None,SVMSMOTE,"{0: 0.005, 1: 1}"
RandomForest,0.9784164553395323,0.9316287878787879,0.9955474600283344,0.962528128363174,0.9836765728757728,0.9541813521307273,0.014285714285714285,0.2857142857142857,0.027210884353741496,0.6206991467107074,0,0,None,SVMSMOTE,"{0: 0.005, 1: 1}"
LightGBM,0.8963651732882502,0.7294378698224852,0.9979761181946974,0.8428339458165969,0.9275650662826034,0.7830823454021147,0.004437869822485207,0.42857142857142855,0.008784773060029283,0.6062253417744747,0,0,None,SVMSMOTE,"{0: 0.005, 1: 1}"
SVC,0.7416173570019724,0.51876449504533,0.9959522363893949,0.6821931101407084,0.8197115133837009,0.6369753284203781,0.005272407732864675,0.8571428571428571,0.010480349344978167,0.7468116340948711,0,0,None,SVMSMOTE,balanced
LogisticReg,0.5,0.5,1.0,0.6666666666666666,0.5,0.002242870874719641,0.002242870874719641,1.0,0.004475703324808183,0.5,0,0,None,RandomOverSampler,"{0: 0.01, 1: 1.0}"
DecisionTree,0.5827085285848173,0.5450830140485313,1.0,0.7055711687882296,0.5827085285848173,0.14995193848125601,0.002257336343115124,0.8571428571428571,0.00450281425891182,0.5027525461051472,0,0,None,RandomOverSampler,"{0: 0.01, 1: 1.0}"
RandomForest,0.5576772883473914,0.5306037876590278,1.0,0.6933261134425341,0.5576772883473915,0.13361102210829862,0.0022148394241417496,0.8571428571428571,0.004418262150220913,0.4945637214423341,0,0,None,RandomOverSampler,"{0: 0.01, 1: 1.0}"
LightGBM,0.8589112777257107,0.7799232502893342,1.0,0.8763560453098798,0.8589112777257107,0.649791733418776,0.001834862385321101,0.2857142857142857,0.0036463081130355514,0.46816221671713004,0,0,None,RandomOverSampler,"{0: 0.01, 1: 1.0}"
SVC,0.6671352702280537,0.7136581469648562,0.5582630427991253,0.6264680105170903,0.6671352702280537,0.7821211150272349,0.0029542097488921715,0.2857142857142857,0.0058479532163742695,0.5344756399669695,0,0,None,RandomOverSampler,balanced
LogisticReg,0.6546069315300085,0.44620539757290345,0.9971665654725764,0.6165300631921418,0.7597907179127955,0.4706824735661647,0.0024198427102238356,0.5714285714285714,0.004819277108433735,0.5209422882833288,0,0,MM,SVMSMOTE,"{0: 0.005, 1: 1}"
DecisionTree,0.8882502113271344,0.7145343777197564,0.9969641772920461,0.832446134347275,0.9216311045785441,0.793976289650753,0.004672897196261682,0.42857142857142855,0.009244992295839752,0.6116845582163501,0,0,MM,SVMSMOTE,"{0: 0.005, 1: 1}"
RandomForest,0.9784164553395323,0.9316287878787879,0.9955474600283344,0.962528128363174,0.9836765728757728,0.9541813521307273,0.014285714285714285,0.2857142857142857,0.027210884353741496,0.6206991467107074,0,0,MM,SVMSMOTE,"{0: 0.005, 1: 1}"
LightGBM,0.8963651732882502,0.7294378698224852,0.9979761181946974,0.8428339458165969,0.9275650662826034,0.7830823454021147,0.004437869822485207,0.42857142857142855,0.008784773060029283,0.6062253417744747,0,0,MM,SVMSMOTE,"{0: 0.005, 1: 1}"
SVC,0.9913778529163144,0.9763231197771588,0.9931188018619712,0.9846493428313434,0.9919124156138972,0.987183595001602,0.0,0.0,0.0,0.49470134874759153,0,0,MM,SVMSMOTE,balanced
LogisticReg,0.5238987816307404,0.5122419587133942,1.0,0.6774603174603175,0.5238987816307403,0.023710349247036206,0.0022920759659463,1.0,0.004573668735707285,0.5107578676942839,0,0,MM,RandomOverSampler,"{0: 0.01, 1: 1.0}"
DecisionTree,0.5827085285848173,0.5450830140485313,1.0,0.7055711687882296,0.5827085285848173,0.14995193848125601,0.002257336343115124,0.8571428571428571,0.00450281425891182,0.5027525461051472,0,0,MM,RandomOverSampler,"{0: 0.01, 1: 1.0}"
RandomForest,0.5576772883473914,0.5306037876590278,1.0,0.6933261134425341,0.5576772883473915,0.13361102210829862,0.0022148394241417496,0.8571428571428571,0.004418262150220913,0.4945637214423341,0,0,MM,RandomOverSampler,"{0: 0.01, 1: 1.0}"
LightGBM,0.8589112777257107,0.7799232502893342,1.0,0.8763560453098798,0.8589112777257107,0.649791733418776,0.001834862385321101,0.2857142857142857,0.0036463081130355514,0.46816221671713004,0,0,MM,RandomOverSampler,"{0: 0.01, 1: 1.0}"
SVC,0.9873086535457669,0.9752456394241755,1.0,0.9874677052404273,0.987308653545767,0.9641140660044858,0.0,0.0,0.0,0.48314065510597304,0,0,MM,RandomOverSampler,balanced
LogisticReg,0.7424063116370808,0.5195024246257642,0.9973689536531066,0.6831635128578358,0.8206932240930325,0.5917975008010253,0.003137254901960784,0.5714285714285714,0.006240249609984399,0.5816359299018258,0,0,SD,SVMSMOTE,"{0: 0.005, 1: 1}"
DecisionTree,0.8882502113271344,0.7145343777197564,0.9969641772920461,0.832446134347275,0.9216311045785441,0.793976289650753,0.004672897196261682,0.42857142857142855,0.009244992295839752,0.6116845582163501,0,0,SD,SVMSMOTE,"{0: 0.005, 1: 1}"
RandomForest,0.9784164553395323,0.9316287878787879,0.9955474600283344,0.962528128363174,0.9836765728757728,0.9541813521307273,0.014285714285714285,0.2857142857142857,0.027210884353741496,0.6206991467107074,0,0,SD,SVMSMOTE,"{0: 0.005, 1: 1}"
LightGBM,0.8945054945054945,0.7258943029589283,0.9979761181946974,0.8404636100221579,0.926276406488789,0.7721884011534764,0.004225352112676056,0.42857142857142855,0.008368200836820083,0.6007661253325993,0,0,SD,SVMSMOTE,"{0: 0.005, 1: 1}"
SVC,0.9954916877993801,0.9907126993741167,0.9931188018619712,0.9919142914897917,0.9947630872790019,0.9935917975008011,0.0,0.0,0.0,0.49791265253693,0,0,SD,SVMSMOTE,balanced
LogisticReg,0.5622461730709153,0.5331889730990256,1.0,0.695529360638818,0.5622461730709154,0.09388016661326498,0.002117896223085069,0.8571428571428571,0.004225352112676056,0.4746536379484356,0,0,SD,RandomOverSampler,"{0: 0.01, 1: 1.0}"
DecisionTree,0.5827085285848173,0.5450830140485313,1.0,0.7055711687882296,0.5827085285848173,0.14995193848125601,0.002257336343115124,0.8571428571428571,0.00450281425891182,0.5027525461051472,0,0,SD,RandomOverSampler,"{0: 0.01, 1: 1.0}"
RandomForest,0.5576772883473914,0.5306037876590278,1.0,0.6933261134425341,0.5576772883473915,0.13361102210829862,0.0022148394241417496,0.8571428571428571,0.004418262150220913,0.4945637214423341,0,0,SD,RandomOverSampler,"{0: 0.01, 1: 1.0}"
LightGBM,0.8588722274289284,0.7798757461322938,1.0,0.8763260557114503,0.8588722274289284,0.650112143543736,0.0018365472910927456,0.2857142857142857,0.0036496350364963507,0.4683227819065969,0,0,SD,RandomOverSampler,"{0: 0.01, 1: 1.0}"
SVC,0.9769603248984692,0.9559504255636853,1.0,0.9774791968852584,0.9769603248984693,0.9554629926305671,0.0,0.0,0.0,0.4788053949903661,0,0,SD,RandomOverSampler,balanced
LogisticReg,0.7256692025922795,0.5037324879844565,0.9969641772920461,0.6692934782608695,0.808970998361737,0.5546299263056712,0.002875629043853343,0.5714285714285714,0.0057224606580829765,0.5630103679236628,0,0,RB,SVMSMOTE,"{0: 0.005, 1: 1}"
DecisionTree,0.8882502113271344,0.7145343777197564,0.9969641772920461,0.832446134347275,0.9216311045785441,0.793976289650753,0.004672897196261682,0.42857142857142855,0.009244992295839752,0.6116845582163501,0,0,RB,SVMSMOTE,"{0: 0.005, 1: 1}"
RandomForest,0.9784164553395323,0.9316287878787879,0.9955474600283344,0.962528128363174,0.9836765728757728,0.9541813521307273,0.014285714285714285,0.2857142857142857,0.027210884353741496,0.6206991467107074,0,0,RB,SVMSMOTE,"{0: 0.005, 1: 1}"
LightGBM,0.8907861369399831,0.7189094620207027,0.9979761181946974,0.8357627118644068,0.9236990869011601,0.7805190644024351,0.0043859649122807015,0.42857142857142855,0.008683068017366135,0.6049408202587394,0,0,RB,SVMSMOTE,"{0: 0.005, 1: 1}"
SVC,0.9550295857988166,0.8642518023562511,0.9947379073062134,0.924915318027851,0.9672221245372055,0.9214995193848126,0.008264462809917356,0.2857142857142857,0.016064257028112452,0.6043214973850811,0,0,RB,SVMSMOTE,balanced
LogisticReg,0.5510777881911902,0.5269135802469136,1.0,0.6901681759379042,0.5510777881911902,0.07882089074014739,0.0020833333333333333,0.8571428571428571,0.004156563907170073,0.4671070740434903,0,0,RB,RandomOverSampler,"{0: 0.01, 1: 1.0}"
DecisionTree,0.5827085285848173,0.5450830140485313,1.0,0.7055711687882296,0.5827085285848173,0.14995193848125601,0.002257336343115124,0.8571428571428571,0.00450281425891182,0.5027525461051472,0,0,RB,RandomOverSampler,"{0: 0.01, 1: 1.0}"
RandomForest,0.5576772883473914,0.5306037876590278,1.0,0.6933261134425341,0.5576772883473915,0.13361102210829862,0.0022148394241417496,0.8571428571428571,0.004418262150220913,0.4945637214423341,0,0,RB,RandomOverSampler,"{0: 0.01, 1: 1.0}"
LightGBM,0.8229850046860356,0.7385360789063852,1.0,0.8496068478152682,0.8229850046860356,0.5959628324255046,0.001589825119236884,0.2857142857142857,0.0031620553359683794,0.4411872648866868,0,0,RB,RandomOverSampler,"{0: 0.01, 1: 1.0}"
SVC,0.7250468603561387,0.7377279102384292,0.6983755076538581,0.7175125376128385,0.7250468603561386,0.631207946171099,0.0017421602787456446,0.2857142857142857,0.0034632034632034636,0.45884943572804837,0,0,RB,RandomOverSampler,balanced
LogisticReg,0.6390532544378699,0.4353471118177,0.9975713418336369,0.6061612248662608,0.7491371235878588,0.5008010253123999,0.0032030749519538757,0.7142857142857143,0.006377551020408164,0.6073034223323241,1,0,None,SVMSMOTE,"{0: 0.005, 1: 1}"
DecisionTree,0.7476472245703015,0.5246302798170018,0.9979761181946974,0.6877266387726638,0.8245113330742309,0.5857097084267863,0.0023219814241486067,0.42857142857142855,0.0046189376443418004,0.5073171850628498,1,0,None,SVMSMOTE,"{0: 0.005, 1: 1}"
RandomForest,0.8623837700760778,0.6702548031066903,0.9955474600283344,0.8011400651465798,0.9032720118011087,0.8176866388977891,0.008741258741258742,0.7142857142857143,0.017271157167530225,0.7661023947151115,1,0,None,SVMSMOTE,"{0: 0.005, 1: 1}"
LightGBM,0.8454775993237532,0.643594096904793,0.9973689536531066,0.7823464041911414,0.8921162169077779,0.7699455302787568,0.002797202797202797,0.2857142857142857,0.00554016620498615,0.5283741627672263,1,0,None,SVMSMOTE,"{0: 0.005, 1: 1}"
SVC,0.724880247957171,0.5030160515284736,0.9957498482088646,0.6683874473576961,0.808051431445888,0.6235181031720602,0.003401360544217687,0.5714285714285714,0.006762468300929839,0.5975318836590513,1,0,None,SVMSMOTE,balanced
LogisticReg,0.5260465479537645,0.5133715568742232,1.0,0.6784474764869519,0.5260465479537644,0.0387696251201538,0.0019966722129783694,0.8571428571428571,0.00398406374501992,0.4470364253601248,1,0,None,RandomOverSampler,"{0: 0.01, 1: 1.0}"
DecisionTree,0.5827085285848173,0.5450830140485313,1.0,0.7055711687882296,0.5827085285848173,0.14995193848125601,0.002257336343115124,0.8571428571428571,0.00450281425891182,0.5027525461051472,1,0,None,RandomOverSampler,"{0: 0.01, 1: 1.0}"
RandomForest,0.5855982505467041,0.5468056030064913,1.0,0.7070127001656543,0.5855982505467041,0.1643703941044537,0.002296211251435132,0.8571428571428571,0.004580152671755725,0.5099779796311588,1,0,None,RandomOverSampler,"{0: 0.01, 1: 1.0}"
LightGBM,0.7751093408309904,0.6897591984054302,1.0,0.8163994006439889,0.7751093408309904,0.5270746555591157,0.002708192281651997,0.5714285714285714,0.005390835579514824,0.5492017616295073,1,0,None,RandomOverSampler,"{0: 0.01, 1: 1.0}"
SVC,0.5463917525773195,0.5251375370292002,0.9691502655420181,0.6811769226546632,0.5463917525773196,0.1256007689842999,0.0021945866861741038,0.8571428571428571,0.004377964246625319,0.49054959170566104,1,0,None,RandomOverSampler,balanced
LogisticReg,0.5530008453085377,0.3836458414377966,0.9979761181946974,0.5542317635157918,0.6896316079883202,0.3905799423261775,0.003146303093864709,0.8571428571428571,0.006269592476489029,0.6233370033948069,1,0,MM,SVMSMOTE,"{0: 0.005, 1: 1}"
DecisionTree,0.7476472245703015,0.5246302798170018,0.9979761181946974,0.6877266387726638,0.8245113330742309,0.5857097084267863,0.0023219814241486067,0.42857142857142855,0.0046189376443418004,0.5073171850628498,1,0,MM,SVMSMOTE,"{0: 0.005, 1: 1}"
RandomForest,0.8623837700760778,0.6702548031066903,0.9955474600283344,0.8011400651465798,0.9032720118011087,0.8176866388977891,0.008741258741258742,0.7142857142857143,0.017271157167530225,0.7661023947151115,1,0,MM,SVMSMOTE,"{0: 0.005, 1: 1}"
LightGBM,0.8454775993237532,0.643594096904793,0.9973689536531066,0.7823464041911414,0.8921162169077779,0.7699455302787568,0.002797202797202797,0.2857142857142857,0.00554016620498615,0.5283741627672263,1,0,MM,SVMSMOTE,"{0: 0.005, 1: 1}"
SVC,0.9822485207100592,0.945664739884393,0.9933211900425015,0.9689073141841871,0.9856484113286548,0.9804549823774431,0.0,0.0,0.0,0.4913294797687861,1,0,MM,SVMSMOTE,balanced
LogisticReg,0.502303967510153,0.5011546440173784,1.0,0.6676922274659088,0.502303967510153,0.00512656199935918,0.002249357326478149,1.0,0.004488618146841937,0.5014450867052023,1,0,MM,RandomOverSampler,"{0: 0.01, 1: 1.0}"
DecisionTree,0.5827085285848173,0.5450830140485313,1.0,0.7055711687882296,0.5827085285848173,0.14995193848125601,0.002257336343115124,0.8571428571428571,0.00450281425891182,0.5027525461051472,1,0,MM,RandomOverSampler,"{0: 0.01, 1: 1.0}"
RandomForest,0.5855982505467041,0.5468056030064913,1.0,0.7070127001656543,0.5855982505467041,0.1643703941044537,0.002296211251435132,0.8571428571428571,0.004580152671755725,0.5099779796311588,1,0,MM,RandomOverSampler,"{0: 0.01, 1: 1.0}"
LightGBM,0.7751093408309904,0.6897591984054302,1.0,0.8163994006439889,0.7751093408309904,0.5270746555591157,0.002708192281651997,0.5714285714285714,0.005390835579514824,0.5492017616295073,1,0,MM,RandomOverSampler,"{0: 0.01, 1: 1.0}"
SVC,0.9821930646672915,0.9656108597285068,1.0,0.9825046040515654,0.9821930646672914,0.9577058635052867,0.0,0.0,0.0,0.47992935131663456,1,0,MM,RandomOverSampler,balanced
LogisticReg,0.6554522400676247,0.4468123696381609,0.9971665654725764,0.6171092184368737,0.7603764723645293,0.5296379365587952,0.002722940776038121,0.5714285714285714,0.005420054200542005,0.5504862831452426,1,0,SD,SVMSMOTE,"{0: 0.005, 1: 1}"
DecisionTree,0.7476472245703015,0.5246302798170018,0.9979761181946974,0.6877266387726638,0.8245113330742309,0.5857097084267863,0.0023219814241486067,0.42857142857142855,0.0046189376443418004,0.5073171850628498,1,0,SD,SVMSMOTE,"{0: 0.005, 1: 1}"
RandomForest,0.8623837700760778,0.6702548031066903,0.9955474600283344,0.8011400651465798,0.9032720118011087,0.8176866388977891,0.008741258741258742,0.7142857142857143,0.017271157167530225,0.7661023947151115,1,0,SD,SVMSMOTE,"{0: 0.005, 1: 1}"
LightGBM,0.8454775993237532,0.643594096904793,0.9973689536531066,0.7823464041911414,0.8921162169077779,0.7699455302787568,0.002797202797202797,0.2857142857142857,0.00554016620498615,0.5283741627672263,1,0,SD,SVMSMOTE,"{0: 0.005, 1: 1}"
SVC,0.9891800507185122,0.9686204854943754,0.9933211900425015,0.9808153477218224,0.9904515978328722,0.9881448253764819,0.0,0.0,0.0,0.4951830443159923,1,0,SD,SVMSMOTE,balanced
LogisticReg,0.5280381130896595,0.5144234632382483,1.0,0.6793654162466175,0.5280381130896594,0.04453700736943288,0.002008704385671242,0.8571428571428571,0.004008016032064128,0.4499265987705294,1,0,SD,RandomOverSampler,"{0: 0.01, 1: 1.0}"
DecisionTree,0.5827085285848173,0.5450830140485313,1.0,0.7055711687882296,0.5827085285848173,0.14995193848125601,0.002257336343115124,0.8571428571428571,0.00450281425891182,0.5027525461051472,1,0,SD,RandomOverSampler,"{0: 0.01, 1: 1.0}"
RandomForest,0.5855982505467041,0.5468056030064913,1.0,0.7070127001656543,0.5855982505467041,0.1643703941044537,0.002296211251435132,0.8571428571428571,0.004580152671755725,0.5099779796311588,1,0,SD,RandomOverSampler,"{0: 0.01, 1: 1.0}"
LightGBM,0.7751093408309904,0.6897591984054302,1.0,0.8163994006439889,0.7751093408309904,0.5270746555591157,0.002708192281651997,0.5714285714285714,0.005390835579514824,0.5492017616295073,1,0,SD,RandomOverSampler,"{0: 0.01, 1: 1.0}"
SVC,0.9684864104967198,0.9407097200793476,1.0,0.9694491766042022,0.9684864104967198,0.93784043575777,0.0,0.0,0.0,0.4699743095696853,1,0,SD,RandomOverSampler,balanced
LogisticReg,0.6335869258946182,0.43166097539619996,0.9977737300141671,0.6026158171372693,0.7454113885934628,0.4911887215636014,0.0031426775612822125,0.7142857142857143,0.006257822277847309,0.6024864666483164,1,0,RB,SVMSMOTE,"{0: 0.005, 1: 1}"
DecisionTree,0.7476472245703015,0.5246302798170018,0.9979761181946974,0.6877266387726638,0.8245113330742309,0.5857097084267863,0.0023219814241486067,0.42857142857142855,0.0046189376443418004,0.5073171850628498,1,0,RB,SVMSMOTE,"{0: 0.005, 1: 1}"
RandomForest,0.8623837700760778,0.6702548031066903,0.9955474600283344,0.8011400651465798,0.9032720118011087,0.8176866388977891,0.008741258741258742,0.7142857142857143,0.017271157167530225,0.7661023947151115,1,0,RB,SVMSMOTE,"{0: 0.005, 1: 1}"
LightGBM,0.8454775993237532,0.643594096904793,0.9973689536531066,0.7823464041911414,0.8921162169077779,0.7699455302787568,0.002797202797202797,0.2857142857142857,0.00554016620498615,0.5283741627672263,1,0,RB,SVMSMOTE,"{0: 0.005, 1: 1}"
SVC,0.8833474218089603,0.7063982746225737,0.9943331309451529,0.8259919300605245,0.9174258594432105,0.8333867350208266,0.001941747572815534,0.14285714285714285,0.003831417624521073,0.4888980640425727,1,0,RB,SVMSMOTE,balanced
LogisticReg,0.5254607935020306,0.5130629908639205,1.0,0.678177966101695,0.5254607935020306,0.038449214995193846,0.001996007984031936,0.8571428571428571,0.00398274145370063,0.44687586017065783,1,0,RB,RandomOverSampler,"{0: 0.01, 1: 1.0}"
DecisionTree,0.5827085285848173,0.5450830140485313,1.0,0.7055711687882296,0.5827085285848173,0.14995193848125601,0.002257336343115124,0.8571428571428571,0.00450281425891182,0.5027525461051472,1,0,RB,RandomOverSampler,"{0: 0.01, 1: 1.0}"
RandomForest,0.5855982505467041,0.5468056030064913,1.0,0.7070127001656543,0.5855982505467041,0.1643703941044537,0.002296211251435132,0.8571428571428571,0.004580152671755725,0.5099779796311588,1,0,RB,RandomOverSampler,"{0: 0.01, 1: 1.0}"
LightGBM,0.7751093408309904,0.6897591984054302,1.0,0.8163994006439889,0.7751093408309904,0.5270746555591157,0.002708192281651997,0.5714285714285714,0.005390835579514824,0.5492017616295073,1,0,RB,RandomOverSampler,"{0: 0.01, 1: 1.0}"
SVC,0.5867307091533895,0.557015967551471,0.8473133395813808,0.672160094173043,0.5867307091533895,0.3287407882089074,0.0019083969465648854,0.5714285714285714,0.003804089396100808,0.44981190934948156,1,0,RB,RandomOverSampler,balanced
LogisticReg,0.3644406875176106,0.3045221790363378,0.9989880590973487,0.46676122931442077,0.5592800339223075,0.13200897148349888,0.002577319587628866,1.0,0.005141388174807198,0.565028901734104,0,1,None,SVMSMOTE,"{0: 0.005, 1: 1}"
DecisionTree,0.9333333333333333,0.8072269457161544,0.999190447277879,0.8930089536040517,0.9535549237326602,0.87504005126562,0.0025974025974025974,0.14285714285714285,0.005102040816326531,0.5097715386732727,0,1,None,SVMSMOTE,"{0: 0.005, 1: 1}"
RandomForest,0.9549732318963088,0.863078541374474,0.9963570127504554,0.9249412869891968,0.9676802245882862,0.8731175905158604,0.005089058524173028,0.2857142857142857,0.01,0.5800761537755756,0,1,None,SVMSMOTE,"{0: 0.005, 1: 1}"
LightGBM,0.8985629754860525,0.7334621673851642,0.9985832827362882,0.8457319163524168,0.9292744592375599,0.7728292214033964,0.0028328611898017,0.2857142857142857,0.005610098176718093,0.5298192494724285,0,1,None,SVMSMOTE,"{0: 0.005, 1: 1}"
SVC,0.7415610030994646,0.5187098134289027,0.9959522363893949,0.6821458275575271,0.8196724630869188,0.6369753284203781,0.005272407732864675,0.8571428571428571,0.010480349344978167,0.7468116340948711,0,1,None,SVMSMOTE,balanced
LogisticReg,0.5,0.5,1.0,0.6666666666666666,0.5,0.002242870874719641,0.002242870874719641,1.0,0.004475703324808183,0.5,0,1,None,RandomOverSampler,"{0: 0.01, 1: 1.0}"
DecisionTree,0.5838409871915027,0.545756787860705,1.0,0.7061353922514821,0.5838409871915027,0.16148670297981416,0.002288329519450801,0.8571428571428571,0.004564473183720046,0.5085328929259565,0,1,None,RandomOverSampler,"{0: 0.01, 1: 1.0}"
RandomForest,0.5145657606997813,0.5073905290271449,1.0,0.6732038171350457,0.5145657606997813,0.024351169496956104,0.0022935779816513763,1.0,0.004576659038901603,0.5110789980732178,0,1,None,RandomOverSampler,"{0: 0.01, 1: 1.0}"
LightGBM,0.8305217119650109,0.7468502099860009,1.0,0.8550821423801256,0.8305217119650109,0.5821851970522268,0.0023023791250959325,0.42857142857142855,0.0045801526717557245,0.5055509679787137,0,1,None,RandomOverSampler,"{0: 0.01, 1: 1.0}"
SVC,0.6671352702280537,0.7136581469648562,0.5582630427991253,0.6264680105170903,0.6671352702280537,0.7821211150272349,0.0029542097488921715,0.2857142857142857,0.0058479532163742695,0.5344756399669695,0,1,None,RandomOverSampler,balanced
LogisticReg,0.8615948154409693,0.6685202766852028,0.9975713418336369,0.8005522169887932,0.9033467455809859,0.6952899711630888,0.003157894736842105,0.42857142857142855,0.006269592476489029,0.5622304798605376,0,1,MM,SVMSMOTE,"{0: 0.005, 1: 1}"
DecisionTree,0.9333333333333333,0.8072269457161544,0.999190447277879,0.8930089536040517,0.9535549237326602,0.87504005126562,0.0025974025974025974,0.14285714285714285,0.005102040816326531,0.5097715386732727,0,1,MM,SVMSMOTE,"{0: 0.005, 1: 1}"
RandomForest,0.9549732318963088,0.863078541374474,0.9963570127504554,0.9249412869891968,0.9676802245882862,0.8731175905158604,0.005089058524173028,0.2857142857142857,0.01,0.5800761537755756,0,1,MM,SVMSMOTE,"{0: 0.005, 1: 1}"
LightGBM,0.8985629754860525,0.7334621673851642,0.9985832827362882,0.8457319163524168,0.9292744592375599,0.7728292214033964,0.0028328611898017,0.2857142857142857,0.005610098176718093,0.5298192494724285,0,1,MM,SVMSMOTE,"{0: 0.005, 1: 1}"
SVC,0.9980839673147366,1.0,0.9931188018619712,0.9965475223395613,0.9965594009309856,0.9977571291252804,0.0,0.0,0.0,0.5,0,1,MM,SVMSMOTE,balanced
LogisticReg,0.6877147766323024,0.6155473294553147,1.0,0.7620294599018004,0.6877147766323024,0.24158923421980136,0.002109704641350211,0.7142857142857143,0.004206983592763988,0.4774061840535829,0,1,MM,RandomOverSampler,"{0: 0.01, 1: 1.0}"
DecisionTree,0.5838409871915027,0.545756787860705,1.0,0.7061353922514821,0.5838409871915027,0.16148670297981416,0.002288329519450801,0.8571428571428571,0.004564473183720046,0.5085328929259565,0,1,MM,RandomOverSampler,"{0: 0.01, 1: 1.0}"
RandomForest,0.5145657606997813,0.5073905290271449,1.0,0.6732038171350457,0.5145657606997813,0.024351169496956104,0.0022935779816513763,1.0,0.004576659038901603,0.5110789980732178,0,1,MM,RandomOverSampler,"{0: 0.01, 1: 1.0}"
LightGBM,0.8305217119650109,0.7468502099860009,1.0,0.8550821423801256,0.8305217119650109,0.5821851970522268,0.0023023791250959325,0.42857142857142855,0.0045801526717557245,0.5055509679787137,0,1,MM,RandomOverSampler,"{0: 0.01, 1: 1.0}"
SVC,0.9967588253670728,0.9935594009466905,1.0,0.996769296640847,0.9967588253670727,0.9842999038769625,0.0,0.0,0.0,0.4932562620423892,0,1,MM,RandomOverSampler,balanced
LogisticReg,0.8997464074387151,0.7357590217715478,0.9985832827362882,0.8472568043272946,0.9300945154699871,0.7741108619032362,0.004261363636363636,0.42857142857142855,0.008438818565400843,0.6017295164694009,0,1,SD,SVMSMOTE,"{0: 0.005, 1: 1}"
DecisionTree,0.9333333333333333,0.8072269457161544,0.999190447277879,0.8930089536040517,0.9535549237326602,0.87504005126562,0.0025974025974025974,0.14285714285714285,0.005102040816326531,0.5097715386732727,0,1,SD,SVMSMOTE,"{0: 0.005, 1: 1}"
RandomForest,0.9549732318963088,0.863078541374474,0.9963570127504554,0.9249412869891968,0.9676802245882862,0.8731175905158604,0.005089058524173028,0.2857142857142857,0.01,0.5800761537755756,0,1,SD,SVMSMOTE,"{0: 0.005, 1: 1}"
LightGBM,0.9349675965060581,0.8107664533070736,0.9997976118194697,0.8954141743701286,0.9548738137197942,0.8567766741429029,0.0045045045045045045,0.2857142857142857,0.008869179600886918,0.5718873291127626,0,1,SD,SVMSMOTE,"{0: 0.005, 1: 1}"
SVC,0.9980839673147366,1.0,0.9931188018619712,0.9965475223395613,0.9965594009309856,0.9977571291252804,0.0,0.0,0.0,0.5,0,1,SD,SVMSMOTE,balanced
LogisticReg,0.7999453295845048,0.7142299325040442,1.0,0.8332953694965995,0.7999453295845048,0.4863825696892022,0.0024937655860349127,0.5714285714285714,0.004965859714463067,0.5288099825672079,0,1,SD,RandomOverSampler,"{0: 0.01, 1: 1.0}"
DecisionTree,0.5838409871915027,0.545756787860705,1.0,0.7061353922514821,0.5838409871915027,0.16148670297981416,0.002288329519450801,0.8571428571428571,0.004564473183720046,0.5085328929259565,0,1,SD,RandomOverSampler,"{0: 0.01, 1: 1.0}"
RandomForest,0.5145657606997813,0.5073905290271449,1.0,0.6732038171350457,0.5145657606997813,0.024351169496956104,0.0022935779816513763,1.0,0.004576659038901603,0.5110789980732178,0,1,SD,RandomOverSampler,"{0: 0.01, 1: 1.0}"
LightGBM,0.857739768822243,0.7785006384143005,1.0,0.8754572493248094,0.857739768822243,0.6456264017942966,0.0027149321266968325,0.42857142857142855,0.00539568345323741,0.5373428754931645,0,1,SD,RandomOverSampler,"{0: 0.01, 1: 1.0}"
SVC,0.9983598875351453,0.9967304997664642,1.0,0.9983625730994152,0.9983598875351453,0.9935917975008011,0.0,0.0,0.0,0.49791265253693,0,1,SD,RandomOverSampler,balanced
LogisticReg,0.863454494223725,0.6715258855585831,0.9975713418336369,0.8027033629183291,0.9046354053748004,0.6949695610381288,0.0031545741324921135,0.42857142857142855,0.006263048016701462,0.5620699146710707,0,1,RB,SVMSMOTE,"{0: 0.005, 1: 1}"
DecisionTree,0.9333333333333333,0.8072269457161544,0.999190447277879,0.8930089536040517,0.9535549237326602,0.87504005126562,0.0025974025974025974,0.14285714285714285,0.005102040816326531,0.5097715386732727,0,1,RB,SVMSMOTE,"{0: 0.005, 1: 1}"
RandomForest,0.9549732318963088,0.863078541374474,0.9963570127504554,0.9249412869891968,0.9676802245882862,0.8731175905158604,0.005089058524173028,0.2857142857142857,0.01,0.5800761537755756,0,1,RB,SVMSMOTE,"{0: 0.005, 1: 1}"
LightGBM,0.915919977458439,0.7686555538245833,0.9985832827362882,0.8686619718309858,0.9413019506464946,0.8192886895225889,0.0035650623885918,0.2857142857142857,0.007042253521126761,0.5531012019451326,0,1,RB,SVMSMOTE,"{0: 0.005, 1: 1}"
SVC,0.9797689489997182,0.9373806796487208,0.993725966403562,0.9647313095588957,0.9840544858572011,0.9484139698814482,0.0,0.0,0.0,0.47527296082209375,0,1,RB,SVMSMOTE,balanced
LogisticReg,0.7052093095907529,0.629096447698128,1.0,0.7723256024368911,0.7052093095907529,0.28804870233899393,0.0022471910112359553,0.7142857142857143,0.004480286738351255,0.5006881365262867,0,1,RB,RandomOverSampler,"{0: 0.01, 1: 1.0}"
DecisionTree,0.5838409871915027,0.545756787860705,1.0,0.7061353922514821,0.5838409871915027,0.16148670297981416,0.002288329519450801,0.8571428571428571,0.004564473183720046,0.5085328929259565,0,1,RB,RandomOverSampler,"{0: 0.01, 1: 1.0}"
RandomForest,0.5145657606997813,0.5073905290271449,1.0,0.6732038171350457,0.5145657606997813,0.024351169496956104,0.0022935779816513763,1.0,0.004576659038901603,0.5110789980732178,0,1,RB,RandomOverSampler,"{0: 0.01, 1: 1.0}"
LightGBM,0.8546157450796626,0.7747322563078599,1.0,0.873069448706147,0.8546157450796625,0.6404998397949375,0.0026761819803746653,0.42857142857142855,0.005319148936170212,0.5347738324616937,0,1,RB,RandomOverSampler,"{0: 0.01, 1: 1.0}"
SVC,0.8719931271477663,0.8114700496991891,0.9691502655420181,0.8833285876993167,0.8719931271477663,0.6831143864146108,0.00404040404040404,0.5714285714285714,0.00802407221664995,0.627397008899899,0,1,RB,RandomOverSampler,balanced
LogisticReg,0.3644406875176106,0.3045221790363378,0.9989880590973487,0.46676122931442077,0.5592800339223075,0.13200897148349888,0.002577319587628866,1.0,0.005141388174807198,0.565028901734104,1,1,None,SVMSMOTE,"{0: 0.005, 1: 1}"
DecisionTree,0.7528317836010143,0.529809861424428,0.9981785063752276,0.6922105263157894,0.8281661041716813,0.5113745594360782,0.001968503937007874,0.42857142857142855,0.003919007184846506,0.47006606110652355,1,1,None,SVMSMOTE,"{0: 0.005, 1: 1}"
RandomForest,0.9581854043392505,0.8716587006549832,0.9965594009309856,0.9299338999055714,0.9699682352983576,0.8929830182633771,0.00303951367781155,0.14285714285714285,0.005952380952380952,0.5187631892834205,1,1,None,SVMSMOTE,"{0: 0.005, 1: 1}"
LightGBM,0.8929275852352775,0.7227186172550168,0.9985832827362882,0.8385452073419443,0.9253694295593343,0.743992310157001,0.0012594458438287153,0.14285714285714285,0.002496878901373283,0.444100376181301,1,1,None,SVMSMOTE,"{0: 0.005, 1: 1}"
SVC,0.7415046491969569,0.5186551433389545,0.9959522363893949,0.6820985515281724,0.8196334127901362,0.6369753284203781,0.005272407732864675,0.8571428571428571,0.010480349344978167,0.7468116340948711,1,1,None,SVMSMOTE,balanced
LogisticReg,0.5,0.5,1.0,0.6666666666666666,0.5,0.002242870874719641,0.002242870874719641,1.0,0.004475703324808183,0.5,1,1,None,RandomOverSampler,"{0: 0.01, 1: 1.0}"
DecisionTree,0.5838409871915027,0.545756787860705,1.0,0.7061353922514821,0.5838409871915027,0.16148670297981416,0.002288329519450801,0.8571428571428571,0.004564473183720046,0.5085328929259565,1,1,None,RandomOverSampler,"{0: 0.01, 1: 1.0}"
RandomForest,0.5501796313651984,0.5264153270566954,1.0,0.6897406200339377,0.5501796313651983,0.09740467798782441,0.002126151665485471,0.8571428571428571,0.004241781548250265,0.4764198550325718,1,1,None,RandomOverSampler,"{0: 0.01, 1: 1.0}"
LightGBM,0.8272024367385192,0.7431655928956992,1.0,0.8526620717211069,0.8272024367385192,0.5901954501762255,0.002347417840375587,0.42857142857142855,0.004669260700389105,0.5095650977153867,1,1,None,RandomOverSampler,"{0: 0.01, 1: 1.0}"
SVC,0.6671352702280537,0.7136581469648562,0.5582630427991253,0.6264680105170903,0.6671352702280537,0.7821211150272349,0.0029542097488921715,0.2857142857142857,0.0058479532163742695,0.5344756399669695,1,1,None,RandomOverSampler,balanced
LogisticReg,0.8247957171034094,0.6141575274177468,0.9973689536531066,0.7602005399151562,0.8777847579886902,0.6613264979173342,0.002840909090909091,0.42857142857142855,0.005644402634054562,0.5452105697770437,1,1,MM,SVMSMOTE,"{0: 0.005, 1: 1}"
DecisionTree,0.7528317836010143,0.529809861424428,0.9981785063752276,0.6922105263157894,0.8281661041716813,0.5113745594360782,0.001968503937007874,0.42857142857142855,0.003919007184846506,0.47006606110652355,1,1,MM,SVMSMOTE,"{0: 0.005, 1: 1}"
RandomForest,0.9581854043392505,0.8716587006549832,0.9965594009309856,0.9299338999055714,0.9699682352983576,0.8929830182633771,0.00303951367781155,0.14285714285714285,0.005952380952380952,0.5187631892834205,1,1,MM,SVMSMOTE,"{0: 0.005, 1: 1}"
LightGBM,0.8929275852352775,0.7227186172550168,0.9985832827362882,0.8385452073419443,0.9253694295593343,0.743992310157001,0.0012594458438287153,0.14285714285714285,0.002496878901373283,0.444100376181301,1,1,MM,SVMSMOTE,"{0: 0.005, 1: 1}"
SVC,0.9980839673147366,1.0,0.9931188018619712,0.9965475223395613,0.9965594009309856,0.9977571291252804,0.0,0.0,0.0,0.5,1,1,MM,SVMSMOTE,balanced
LogisticReg,0.6801390190565448,0.6098594903548464,1.0,0.7576555519394065,0.6801390190565448,0.21082986222364627,0.00202757502027575,0.7142857142857143,0.004043671653861706,0.46199192586475823,1,1,MM,RandomOverSampler,"{0: 0.01, 1: 1.0}"
DecisionTree,0.5838409871915027,0.545756787860705,1.0,0.7061353922514821,0.5838409871915027,0.16148670297981416,0.002288329519450801,0.8571428571428571,0.004564473183720046,0.5085328929259565,1,1,MM,RandomOverSampler,"{0: 0.01, 1: 1.0}"
RandomForest,0.5501796313651984,0.5264153270566954,1.0,0.6897406200339377,0.5501796313651983,0.09740467798782441,0.002126151665485471,0.8571428571428571,0.004241781548250265,0.4764198550325718,1,1,MM,RandomOverSampler,"{0: 0.01, 1: 1.0}"
LightGBM,0.8272024367385192,0.7431655928956992,1.0,0.8526620717211069,0.8272024367385192,0.5901954501762255,0.002347417840375587,0.42857142857142855,0.004669260700389105,0.5095650977153867,1,1,MM,RandomOverSampler,"{0: 0.01, 1: 1.0}"
SVC,0.997539831302718,0.9951037537887619,1.0,0.9975458688792801,0.9975398313027178,0.9868631848766422,0.0,0.0,0.0,0.4945407835581246,1,1,MM,RandomOverSampler,balanced
LogisticReg,0.8844181459566075,0.7071387614678899,0.998380894555758,0.827892926071998,0.9194106909517308,0.7452739506568408,0.005025125628140704,0.5714285714285714,0.0099626400996264,0.6585466556564822,1,1,SD,SVMSMOTE,"{0: 0.005, 1: 1}"
DecisionTree,0.7528317836010143,0.529809861424428,0.9981785063752276,0.6922105263157894,0.8281661041716813,0.5113745594360782,0.001968503937007874,0.42857142857142855,0.003919007184846506,0.47006606110652355,1,1,SD,SVMSMOTE,"{0: 0.005, 1: 1}"
RandomForest,0.9581854043392505,0.8716587006549832,0.9965594009309856,0.9299338999055714,0.9699682352983576,0.8929830182633771,0.00303951367781155,0.14285714285714285,0.005952380952380952,0.5187631892834205,1,1,SD,SVMSMOTE,"{0: 0.005, 1: 1}"
LightGBM,0.8931530008453086,0.7231423127656456,0.9985832827362882,0.8388303298197892,0.9255256307464632,0.7379045177827619,0.00245398773006135,0.2857142857142857,0.004866180048661801,0.5123176438205339,1,1,SD,SVMSMOTE,"{0: 0.005, 1: 1}"
SVC,0.9980839673147366,1.0,0.9931188018619712,0.9965475223395613,0.9965594009309856,0.9977571291252804,0.0,0.0,0.0,0.5,1,1,SD,SVMSMOTE,balanced
LogisticReg,0.7849109653233365,0.6992136304062909,1.0,0.8229849595063632,0.7849109653233365,0.43287407882089074,0.0028200789622109417,0.7142857142857143,0.0056179775280898875,0.5732636021653363,1,1,SD,RandomOverSampler,"{0: 0.01, 1: 1.0}"
DecisionTree,0.5838409871915027,0.545756787860705,1.0,0.7061353922514821,0.5838409871915027,0.16148670297981416,0.002288329519450801,0.8571428571428571,0.004564473183720046,0.5085328929259565,1,1,SD,RandomOverSampler,"{0: 0.01, 1: 1.0}"
RandomForest,0.5501796313651984,0.5264153270566954,1.0,0.6897406200339377,0.5501796313651983,0.09740467798782441,0.002126151665485471,0.8571428571428571,0.004241781548250265,0.4764198550325718,1,1,SD,RandomOverSampler,"{0: 0.01, 1: 1.0}"
LightGBM,0.8462199312714777,0.7647831800262812,1.0,0.8667163067758749,0.8462199312714777,0.6222364626722204,0.0025466893039049238,0.42857142857142855,0.005063291139240506,0.5256216166620791,1,1,SD,RandomOverSampler,"{0: 0.01, 1: 1.0}"
SVC,0.9979693845673228,0.9959551960174238,1.0,0.9979734996102884,0.9979693845673226,0.9916693367510413,0.0,0.0,0.0,0.49694926140012846,1,1,SD,RandomOverSampler,balanced
